https://i.ytimg.com/vi/_UbDeqPdUek/maxresdefault.jpg,,,,,,,
https://img-s-msn-com.akamaized.net/tenant/amp/entityid/BBW8b6x.img?h=624&w=624&m=6&q=60&o=f&l=f&x=939&y=572,,,,,,,
https://s.w-x.co/util/image/w/in-tiger%20%281%29_0.jpg?v=at&w=485&h=273,,,,,,,
https://img.purch.com/w/660/aHR0cDovL3d3dy5saXZlc2NpZW5jZS5jb20vaW1hZ2VzL2kvMDAwLzEwMC8zNDkvb3JpZ2luYWwvc2liZXJpYW4tdGlnZXIuanBn,,,,,,,
https://www.balisafarimarinepark.com/wp-content/uploads/2017/11/19437535_10154869044788931_4755399083724169206_n-671.jpg,,,,,,,
https://c402277.ssl.cf1.rackcdn.com/photos/907/images/hero_small/sumatran-tiger-hero_92514619.jpg?1345581518,,,,,,,
https://upload.wikimedia.org/wikipedia/commons/d/da/Panthera_tigris_tigris_Tidoba_20150306.jpg,,,,,,,
https://kids.nationalgeographic.com/content/dam/kids/photos/articles/Other%20Explore%20Photos/R-Z/Wacky%20Weekend/Wild%20Cats/ww-wild-cats-tiger.adapt.945.1.jpg,,,,,,,
https://wildfor.life/sites/default/files/species/hero/tiger_hero.jpg,,,,,,,
https://static.independent.co.uk/s3fs-public/thumbnails/image/2018/10/28/12/bengal-tiger.jpg?w968h681,,,,,,,
https://www.gannett-cdn.com/presto/2019/03/02/PPHX/351abe2c-23b4-41df-aa2e-caa1f9d1e758-Suriya.jpg?crop=959,547,x0,y121&width=3200&height=1680&fit=bounds,,,,
https://defenders.org/sites/default/files/styles/large/public/tiger-dirk-freder-isp.jpg,,,,,,,
http://www.tigerfdn.com/wp-content/uploads/2015/05/ever-wonderred-what-do-tigers-eat.jpg,,,,,,,
https://animals.sandiegozoo.org/sites/default/files/inline-images/tiger_amur_snow.jpg,,,,,,,
https://akm-img-a-in.tosshub.com/indiatoday/images/story/201803/tiger-tigerdroppings-650_081016053408.jpeg?qKKGfW6rFq5JNjnE9JvfIoef5Tk5ZFTS,,,,,,,
https://ichef.bbci.co.uk/images/ic/640x360/p06n2ddt.jpg,,,,,,,
https://i.ytimg.com/vi/Fcz8hv_7aZw/maxresdefault.jpg,,,,,,,
https://www.indianapoliszoo.com/wp-content/uploads/2018/04/Amur-tiger3-Fred-Cate.jpg,,,,,,,
https://upload.wikimedia.org/wikipedia/commons/a/a4/White-tiger-2407799_1280.jpg,,,,,,,
http://assets.worldwildlife.org/photos/15766/images/story_full_width/Tiger_hero.jpg?1529598858,,,,,,,
https://ichef.bbci.co.uk/news/660/cpsprodpb/6D93/production/_105615082_gettyimages-1086747844.jpg,,,,,,,
https://cdn.shopify.com/s/files/1/0242/5403/products/tiger_poster_grande.jpg?v=1538417698,,,,,,,
https://images.pexels.com/photos/533055/pexels-photo-533055.jpeg?cs=srgb&dl=amur-tiger-angry-animal-533055.jpg&fm=jpg,,,,,,,
https://www.thesprucepets.com/thmb/knKDWvK7pWaWZKRZl05NJGHTFhM=/2000x1333/filters:fill(auto,1)/tiger-692776085-5888ae5d5f9b58bdb386e9af.jpg,,,,,,
https://nextshark-vxdsockgvw3ki.stackpathdns.com/wp-content/uploads/2017/02/tigers-768x463.jpg,,,,,,,
https://cdn-images-1.medium.com/max/1200/1*694y5GwOWsqflOtu_4Lj-g.png,,,,,,,
https://www.sciencemag.org/sites/default/files/styles/article_main_large/public/images/sn-tigers_0.jpg?itok=_gYlcOAj,,,,,,,
https://theroaringearth-gazermedia.netdna-ssl.com/wp-content/uploads/2018/03/CATERS_SLOTH_BEAR_VS_TIGER_01.jpg,,,,,,,
https://c.ndtvimg.com/2018-11/k2i7c22_tiger-generic-pixabay_625x300_05_November_18.jpg,,,,,,,
https://i.ytimg.com/vi/_ibq2xaSpWk/maxresdefault.jpg,,,,,,,
https://images.spot.im/v1/production/kdhv34bc1mrbcqmflawu,,,,,,,
https://upload.wikimedia.org/wikipedia/commons/2/28/Contented_01.jpg,,,,,,,
https://marijuanastox.com/wp-content/uploads/2019/02/sd-8.jpg,,,,,,,
https://www.aljazeera.com/mritems/imagecache/mbdxxlarge/mritems/Images/2018/9/23/6317ee2520fb4fe0b83ffa934c3a6fc9_18.jpg,,,,,,,
https://static1.squarespace.com/static/59c0463990baded1a5b678d7/t/5a328fbb8165f59567bd54d8/1513263151434/CP3_5586-edit2.jpg,,,,,,,
https://akm-img-a-in.tosshub.com/indiatoday/images/story/201607/tiger-hdfinewallpapers-647_072816052827.jpg,,,,,,,
https://i.dailymail.co.uk/1s/2018/10/17/12/5117724-6285615-Battle_of_the_beasts_-a-1_1539776053938.jpg,,,,,,,
https://static01.nyt.com/images/2018/10/26/science/26TIGERS1/merlin_145827315_a41e80a9-2f6c-49c8-ba24-ea8c7f20d280-articleLarge.jpg?quality=75&auto=webp&disable=upscale,,,,,,,
https://s.yimg.com/uu/api/res/1.2/qmzvrlIqHwBkTVHjNEStCQ--~B/Zmk9ZmlsbDtweW9mZj0wO3c9NTM5O2g9MzAzO3NtPTE7YXBwaWQ9eXRhY2h5b24-/https://slick-prod.s3-us-west-2.amazonaws.com/slick_thumb/giraffe-275943-1555786103171.jpg,,,,,,,
https://i.ytimg.com/vi/FK3dav4bA4s/maxresdefault.jpg,,,,,,,
https://cdn.vox-cdn.com/thumbor/7amYwO6QpVs4nzvT194544PVz9Y=/0x0:3000x1907/1200x800/filters:focal(1178x637:1658x1117)/cdn.vox-cdn.com/uploads/chorus_image/image/61082819/77505929.jpg.0.jpg,,,,,,,
https://assets.tigerbeer.com/media/1085/tiger-brighter.png?quality=75,,,,,,,
https://static.independent.co.uk/s3fs-public/thumbnails/image/2018/08/10/15/tiger.jpg?w968h681,,,,,,,
https://seaworld.scdn3.secure.raxcdn.com/tampa/-/media/busch-gardens-tampa/product-thumbnails/500x375/tours/2017_buschgardenstampabay_tours_tigerinsidertour_productthumbnail_500x375.ashx?version=1_201706084833&h=375&w=500&la=en&hash=1558A29F1E39B61AB3C7403FC2FB28E25A089474,,,,,,,
https://www.wrs.com.sg/content/dam/wrs/singapore-zoo/animals/featured-contents/white-tiger/not-easy-being-white.jpg,,,,,,,
https://media.mnn.com/assets/images/2018/09/TigerSnapshotCameraTrap_Living_with_Tigers_Nepal.jpg.990x0_q80_crop-smart.jpg,,,,,,,
https://img.gentside.co.uk/article/480/animal/retarded-tiger_ea78b6af6fe3fd3a689a866049a6d6cff4becacb.jpg,,,,,,,
https://e360.yale.edu/assets/site/_1500x1500_fit_center-center_80/Sundarban_Tiger_SoumyajitNandy_Wikimedia_web.jpg,,,,,,,
https://static.wixstatic.com/media/0929f3_65dd6ff6b1aa48369beccd9b3b6026d1~mv2.jpg,,,,,,,
https://cdn-03.belfasttelegraph.co.uk/news/republic-of-ireland/article37746219.ece/150eb/AUTOCROP/w620h342/bpanews_99bb21ba-5913-4547-b401-dcf834540ae3_1,,,,,,,
https://m.dw.com/image/42582539_101.jpg,,,,,,,
https://animals.sandiegozoo.org/sites/default/files/styles/disscover_480_thumbnail/public/2016-08/hero_tiger_animals.jpg?h=330215e3&itok=azTTjtwB,,,,,,,
http://d2ouvy59p0dg6k.cloudfront.net/img/original/tiger_crossing_road___photo__atul_dhamankar.jpg,,,,,,,
https://www.sciencenews.org/sites/default/files/2019/03/main/articles/033019_SZ_reviews_feat.jpg,,,,,,,
https://i.ytimg.com/vi/fcRRJHVtGPw/maxresdefault.jpg,,,,,,,
https://cdn2.wanderlust.co.uk/media/1023/shutterstock_1021961689.jpg?anchor=center&mode=crop&width=1200&height=0&rnd=131883279380000000,,,,,,,
https://images.unsplash.com/photo-1508817628294-5a453fa0b8fb?ixlib=rb-1.2.1&ixid=eyJhcHBfaWQiOjEyMDd9&auto=format&fit=crop&w=1000&q=80,,,,,,,
https://cdn.newsapi.com.au/image/v1/c5fb43548c00cef0aef299953c94a7d8?width=650,,,,,,,
https://rz6nm7fejf-flywheel.netdna-ssl.com/wp-content/uploads/2018/02/12.jpg,,,,,,,
https://www.abc.net.au/news/image/8225088-3x2-700x467.jpg,,,,,,,
https://www.wweek.com/resizer/f-DiRL-gDWl2mRbZcP1Nr1bF7co=/1200x0/filters:quality(100)/s3.amazonaws.com/arc-wordpress-client-uploads/wweek/wp-content/uploads/2018/10/30134436/Mikhail_hires.jpg,,,,,,,
https://static01.nyt.com/images/2014/10/11/world/TIGER/TIGER-articleLarge.jpg?quality=75&auto=webp&disable=upscale,,,,,,,
https://www.newshub.co.nz/home/world/2018/11/china-delays-lifting-ban-on-tiger-parts/_jcr_content/par/image.dynimg.1280.q75.jpg/v1542036413395/5156989920-getty-tiger-yawning-generic-1120.jpg,,,,,,,
https://7gigzxopz0uiqxo1-zippykid.netdna-ssl.com/wp-content/uploads/2014/11/1024px-2012_Suedchinesischer_Tiger.jpg,,,,,,,
https://images.theconversation.com/files/242298/original/file-20181025-71032-1hmrk2l.jpg?ixlib=rb-1.1.0&q=45&auto=format&w=496&fit=clip,,,,,,,
http://im.rediff.com/getahead/2018/jul/26tiger-bandhavgarh-vijayarajan1.jpg,,,,,,,
https://www.thetimes.co.uk/imageserver/image/methode%2Fsundaytimes%2Fprod%2Fweb%2Fbin%2F2cfc6988-b360-11e8-a565-f2666ba9742c.jpg?crop=2667%2C1500%2C0%2C0&resize=685,,,,,,,
https://images.pexels.com/photos/792381/pexels-photo-792381.jpeg?cs=srgb&dl=animal-animal-photography-carnivore-792381.jpg&fm=jpg,,,,,,,
https://thenypost.files.wordpress.com/2018/04/tiger-racoon.jpg?quality=90&strip=all&w=618&h=410&crop=1,,,,,,,
https://www.knowsleysafariexperience.co.uk/wp-content/uploads/2018/05/knowsley_48474534288-1024x768.jpg,,,,,,,
https://www.nationalgeographic.com/content/dam/animals/thumbs/rights-exempt/mammals/b/bengal-tiger_thumb.JPG,,,,,,,
https://ichef.bbci.co.uk/news/660/cpsprodpb/1376E/production/_91462797_tiger.jpg,,,,,,,
https://www.tiger.org.au/static/media/uploads/category_images/.thumbnails/close-up-tiger-face-_ss_box.png/close-up-tiger-face-_ss_box-380x250.png,,,,,,,
https://s.abcnews.com/images/International/tiger-dad-meet7-gty-ml-171026_7x5_992.jpg,,,,,,,
https://amp.thisisinsider.com/images/5bbc67e60114552d8d1df052-750-563.jpg,,,,,,,
https://www.telegraph.co.uk/content/dam/news/2018/11/03/TELEMMGLPICT000179751408_trans_NvBQzQNjv4BqRKE64l0E0Q0XiQpjM7uwfN6SAGWnopHV9VZg7bcNG8U.jpeg?imwidth=450,,,,,,,
https://www.thenational.ae/image/policy:1.680294:1512041948/496071-01-02.jpg?f=16x9&w=1200&$p$f$w=f891a63,,,,,,,
https://cdn.images.express.co.uk/img/dynamic/128/590x/1086605_1.jpg?r=1550075276416,,,,,,,
https://defenders.org/sites/default/files/styles/homepage-feature-2015/public/tiger_brooke-sabin.png?itok=G-IhHAAp,,,,,,,
https://images.unsplash.com/photo-1519900270450-3a6adec39956?ixlib=rb-1.2.1&ixid=eyJhcHBfaWQiOjEyMDd9&w=1000&q=80,,,,,,,
https://www.australiazoo.com.au/our-animals/amazing-animals/images/profile_428_600.jpg,,,,,,,
https://media.golfdigest.com/photos/5cba02227fc6361b8b300c6e/1:1/w_768,c_limit/190419-tiger-woods-masters.jpg,,,,,,
http://assets-news-bcdn-ll.dailyhunt.in/cmd/resize/400x400_60/fetchdata13/images/a7/a9/2e/a7a92e0be0d6316b2098781af227a75a.jpg,,,,,,,
http://wp.nathabblog.com/wp-content/uploads/2011/03/19-baby-tiger.jpg,,,,,,,
https://i1.wp.com/metro.co.uk/wp-content/uploads/2019/02/tiger-b549.png?quality=90&strip=all&zoom=1&resize=540%2C253&ssl=1,,,,,,,
https://img.purch.com/w/660/aHR0cDovL3d3dy5saXZlc2NpZW5jZS5jb20vaW1hZ2VzL2kvMDAwLzEwMi8xNjUvb3JpZ2luYWwvdGlnZXIuanBn,,,,,,,
https://cdn2.wanderlust.co.uk/media/1022/shutterstock_502016608.jpg?anchor=center&mode=crop&width=1200&height=0&rnd=131883279280000000,,,,,,,
http://geographical.co.uk/media/k2/items/cache/7023db74bcc98ff6947a204db38bf30c_XL.jpg,,,,,,,
https://ichef.bbci.co.uk/news/660/cpsprodpb/18667/production/_104434999_13f9d4be-1767-477e-995b-995119fcc84e.jpg,,,,,,,
https://cdn.firespring.com/images/79a237fd-5043-43c7-802a-e8998e0a8407.png,,,,,,,
https://media.golfdigest.com/photos/5cb3268c49d74016c05ba5ed/master/w_768,c_limit/190414-tiger-early.jpg,,,,,,
https://sheprethwildlifepark.co.uk/wp-content/uploads/2016/05/Amba-staring-name-tag.jpg,,,,,,,
https://www.zoo.org.au/sites/default/files/styles/zv_carousel_large/public/sumatran-tiger-2-animal-profile-web620.jpg?itok=mOJIKAvh,,,,,,,
https://www.zooborns.com/.a/6a010535647bf3970b022ad35e750d200c-800wi,,,,,,,
https://s3.ap-southeast-1.amazonaws.com/images.deccanchronicle.com/dc-Cover-8prcmo1th785779hjd39of5t80-20180201131154.Medi.jpeg,,,,,,,
http://weknowyourdreams.com/images/tiger/tiger-02.jpg,,,,,,,
https://kids.nationalgeographic.com/content/dam/kids/photos/animals/Mammals/Q-Z/photoark-tiger.ngsversion.1490266628228.png,,,,,,,
https://static.independent.co.uk/s3fs-public/thumbnails/image/2018/10/09/09/tiger-india.jpg?w968h681,,,,,,,
https://advancelocal-adapter-image-uploads.s3.amazonaws.com/image.al.com/home/bama-media/width600/img/news_birmingham_impact/photo/malayan-tiger-kumar-010-birmingham-zoo-5-26-14-768x512jpg-cb49ec3ee4da4b99.jpg,,,,,,,
https://cdn.the-scientist.com/assets/articleNo/65001/aImg/29287/tiger-subspecies-thumb-m.png,,,,,,,
https://media.npr.org/assets/news/2010/09/10/Tiger-4e63dcd32bdf399816d6102bb1b490e5949b6edb-s800-c85.jpg,,,,,,,
https://upload.wikimedia.org/wikipedia/commons/c/cb/MALTESE_TIGER.jpg,,,,,,,
https://www.bornfree.org.uk/storage/media/content/images/Animals/Tigers/400x400.jpg,,,,,,,
https://img.timesnownews.com/story/1550148721-Tiger.jpg,,,,,,,
http://tigercreek.org/files/2014/04/pic1.jpg,,,,,,,
https://donate.wwf.org.au/Images/UserUploadedImages/212/img-tiger-behind-tree-og-1000px.jpg,,,,,,,
https://cdn.cnn.com/cnnnext/dam/assets/190209092743-melati-tiger-london-zoo-exlarge-169.jpg,,,,,,,
https://www.dreamworld.com.au/-/media/Images/DreamWorld/Things_To_Do/Tiger_Island/Tiger_New_Layout/tiger_overlay-min.ashx?h=476&la=en&w=1000&hash=D73ED54F8E28073F192FDAA5C5C5D060CE7D51AB,,,,,,,
https://e360.yale.edu/assets/site/_1500x1500_fit_center-center_80/Getty_SiberianTiger_web.jpg,,,,,,,
https://animals.sandiegozoo.org/sites/default/files/inline-images/tiger_indochinese_animals.jpg,,,,,,,
https://a-z-animals.com/media/animals/images/original/sumatran_tiger6.jpg,,,,,,,
https://nationalzoo.si.edu/sites/default/files/newsroom/20190226-bridgetisrael08.jpg,,,,,,,
https://cdn.britannica.com/89/149189-004-A892985B.jpg,,,,,,,
https://www.abc.net.au/news/image/11034076-3x2-700x467.jpg,,,,,,,
https://static.toiimg.com/thumb/msid-67610461,width-1070,height-580,imgsize-11247321,resizemode-6,overlay-toi_sw,pt-32,y_pad-40/photo.jpg
https://images.immediate.co.uk/volatile/sites/23/2016/06/Tiger-in-Ranthambhore_Aditya-SinghGetty-22af655.jpg?quality=45&crop=443px,220px,4348px,2897px&resize=620,413,,,
https://www.washingtonpost.com/resizer/6fQVCNq6uUEg2grSJURId0oJ3bQ=/480x0/arc-anglerfish-washpost-prod-washpost.s3.amazonaws.com/public/PIH54BXQUU245DYT2L64XHIFZY.jpg,,,,,,,
https://www.golf.com/wp-content/uploads/2019/04/TigerWoodsMasters2019.jpg,,,,,,,
https://www.lionstigersandbears.org/resourcefiles/animalsnippetimages/maverick-tiger-at-lions-tigers-and-bears-sanctuary-alpine-1-th.jpg,,,,,,,
https://e0.365dm.com/19/04/768x432/skysports-tiger-woods-the-masters_4639973.jpg?20190414194341,,,,,,,
https://www.dw.com/image/44344860_401.jpg,,,,,,,
https://www.zooborns.com/.a/6a010535647bf3970b022ad3aeb95f200b-800wi,,,,,,,
https://www.marwell.org.uk/media/images/full/amur_tiger_directory.jpg,,,,,,,
https://i.dailymail.co.uk/1s/2019/02/11/16/9678340-0-image-a-6_1549903514273.jpg,,,,,,,
https://images.livemint.com/rf/Image-621x414/LiveMint/Period2/2018/01/02/Photos/Processed/tigers1-kfrH--621x414@LiveMint.jpg,,,,,,,
https://nationalzoo.si.edu/sites/default/files/animals/sumatrantiger-003.jpg,,,,,,,
https://nenow.in/wp-content/uploads/2018/02/TIGER.jpg,,,,,,,
https://s.abcnews.com/images/International/topeka-tiger-zoo-ap-jpo-190420_hpMain_4x3_1600.jpg,,,,,,,
https://akm-img-a-in.tosshub.com/indiatoday/images/story/201902/tiger.png?Upoa0tdjSVWrl2bdUyDXe39Fk6xkprMS,,,,,,,
http://www.tigerfdn.com/wp-content/uploads/2016/05/How-Much-Does-A-Tiger-Weigh.jpg,,,,,,,
https://www.snopes.com/tachyon/2015/01/mainimageanimalsdressedasotheranimals.jpg.jpg,,,,,,,
https://www.zoo.org.au/sites/default/files/styles/zv_carousel_large/public/Tiger-web.jpg?itok=elqhetvX,,,,,,,
https://animalcorner.co.uk/wp-content/uploads/2015/02/white-bengal-tiger1-2.jpg,,,,,,,
https://cdn.static-economist.com/sites/default/files/images/print-edition/20171223_PTP049_0.jpg,,,,,,,
https://cdn.zmescience.com/wp-content/uploads/2018/10/animal-1852814_960_720.jpg,,,,,,,
https://researchmatters.in/sites/default/files/styles/large_800w_scale/public/amurtiger-1975790_1280.jpg?itok=Y5mlhuih,,,,,,,
https://vignette.wikia.nocookie.net/villains/images/c/c4/Black_Tiger.jpg/revision/latest?cb=20130405135121,,,,,,,
https://cdn.dnaindia.com/sites/default/files/styles/full/public/2018/08/14/717791-tiger-08-thinkstock.jpg,,,,,,,
https://www.washingtonpost.com/resizer/l05LZEx2-p20djfgIuZhfTnEWDM=/1484x0/arc-anglerfish-washpost-prod-washpost.s3.amazonaws.com/public/XYTDN3BLZAI6TEDOTVK3MRI6WQ.jpg,,,,,,,
https://www.traffic.org/site/assets/files/2513/tiger-species-video-overlay.647x459.1530280655.jpg,,,,,,,
https://static.toiimg.com/thumb/msid-67967816,width-1070,height-580,imgsize-31498,resizemode-6,overlay-toi_sw,pt-32,y_pad-40/photo.jpg
https://cdn.cnn.com/cnnnext/dam/assets/190420123540-topeka-zoo-tigers-live-video.jpg,,,,,,,
https://i.guim.co.uk/img/media/ef09c5e182f9a1adde64d5cddfe02e827d48fbe7/0_99_960_716/master/960.jpg?width=300&quality=85&auto=format&fit=max&s=9487b6855caf3743bd28cadc53b9b586,,,,,,,
https://i2-prod.mirror.co.uk/incoming/article13841727.ece/ALTERNATES/s1200b/0_Downs-Syndrome-white-tiger-bred-through-incest-in-cruel-bid-to-make-money.jpg,,,,,,,
https://cdn.newsapi.com.au/image/v1/0a6d2720aee88df70a989bae2fa32607,,,,,,,
https://s3-eu-west-1.amazonaws.com/assets.barcroft.tv/f76c4ebb-5645-4cab-999a-91d34e4e8d70.jpg,,,,,,,
https://www.thebetterindia.com/wp-content/uploads/2018/05/odisha-black-tiger.jpg,,,,,,,
https://www.thenation.com/wp-content/uploads/2019/04/tiger-woods-masters-rtr-img.jpg,,,,,,,
http://hamiltonzoo.co.nz/assets/animals/_resampled/SetWidth700-sumatran-tiger.jpg,,,,,,,
https://tribkcpq.files.wordpress.com/2018/10/tiger.jpg?quality=85&strip=all&w=400&h=225&crop=1,,,,,,,
http://dsv-media.azureedge.net/~/media/Shared/Images/1280x420-article-page-top-images/customer-cases/flying_tiger_1280x420.jpg?revision=b7c7c596-e553-4053-8cb2-0376888b983d&hostname=www.be.dsv.com,,,,,,,
https://www.ifaw.org/sites/default/files/imagecache/themeSlideshow/legacy/theme-tigers.jpg,,,,,,,
https://images.pexels.com/photos/38278/tiger-head-wildlife-animal-38278.jpeg?cs=srgb&dl=animal-animal-photography-close-up-38278.jpg&fm=jpg,,,,,,,
https://cdn2.wanderlust.co.uk/media/1013/shutterstock_142756897.jpg?anchor=center&mode=crop&width=1440&height=540&rnd=131883278330000000,,,,,,,
https://www.bloomberg.com/features/2016-stuart-bray-south-china-tigers/img/feat_tigers09__NEW-lede.jpg,,,,,,,
https://gifts.worldwildlife.org/gift-center/Images/large-species-photo/large-Tiger-photo.jpg,,,,,,,
https://www.wrs.com.sg/content/dam/wrs/singapore-zoo/animals/signpost/1x1/white-tiger-1X1.jpg,,,,,,,
https://i.cbc.ca/1.5041472.1551704101!/fileImage/httpImage/image.JPG_gen/derivatives/16x9_780/amur-tiger.JPG,,,,,,,
https://www.sciencedaily.com/images/2019/01/190116115534_1_540x360.jpg,,,,,,,
https://img.purch.com/w/660/aHR0cDovL3d3dy5saXZlc2NpZW5jZS5jb20vaW1hZ2VzL2kvMDAwLzA0OC8yNTkvb3JpZ2luYWwvdGlnZXItMTAxMTIzLTAyLmpwZw==,,,,,,,
https://www.dreamworld.com.au/-/media/Images/DreamWorld/Things_To_Do/Tiger_Island/Tigers-At-Dreamworld_Slider-Images/Tiger-gallery-35.ashx,,,,,,,
https://www.gannett-cdn.com/presto/2019/01/18/PARN/320987e6-eec1-4c5a-acaf-5de7494c4676-Zoo_tiger.jpg?width=540&height=&fit=bounds&auto=webp,,,,,,,
https://awionline.org/sites/default/files/styles/art/public/page/image/tiger_flickr_Kristof%20Borkowski.jpg?itok=UKHfRXym,,,,,,,
https://www.ghostwritertotherescue.com/wp-content/uploads/2018/09/great-picture-of-tiger-wikipedia.jpg,,,,,,,
https://th.thgim.com/news/national/karnataka/ajcm0w/article26573426.ece/alternates/FREE_660/19BGTIGER,,,,,,,
https://media.apnarm.net.au/media/images/2019/01/11/imagev1d7dc051d84e2e637b15553f6679cb52c-vqsc0hzrp3kxzu33mr2_ct677x380.jpg,,,,,,,
https://upload.wikimedia.org/wikipedia/commons/4/41/Siberischer_tiger_de_edit02.jpg,,,,,,,
https://www.greenpeace.io/wp-content/uploads/2017/05/056bcb55-gp0sto5eb_web_size.jpg,,,,,,,
http://www.wafb.com/resizer/u-7jbMevwmb8TubvFYikCp3oaLA=/1200x600/arc-anglerfish-arc2-prod-raycom.s3.amazonaws.com/public/RZUMVYNCDBAWPGKH7ZGD4GEOBI.jpg,,,,,,,
https://img.buzzfeed.com/buzzfeed-static/static/2017-06/1/11/enhanced/buzzfeed-prod-fastlane-01/original-13793-1496331799-20.jpg?crop=1000:500;0,155,,,,,,
https://imgs.mongabay.com/wp-content/uploads/sites/20/2019/02/10083755/40070143463_44673f4e15_z.jpg,,,,,,,
https://www.dailypioneer.com/uploads/2018/story/images/big/the-tiger---s-tragedy-2018-11-28.jpg,,,,,,,
https://cdn.images.express.co.uk/img/dynamic/71/590x/Tiger-Woods-1116384.jpg?r=1555675313459,,,,,,,
https://c.ndtvimg.com/1pgt7un4_royal-bengal-tiger-international-tiger-day-2018-afp_625x300_29_July_18.jpg,,,,,,,
https://images.unsplash.com/photo-1513714920387-b00f52df9e23?ixlib=rb-1.2.1&ixid=eyJhcHBfaWQiOjEyMDd9&auto=format&fit=crop&w=1000&q=80,,,,,,,
http://i.hurimg.com/i/hdn/75/0x0/5a96abc5c03c0e1568308a05.jpg,,,,,,,
https://s3media.freemalaysiatoday.com/wp-content/uploads/2019/03/harimau-bernama-170319-1.jpg,,,,,,,
https://i.ytimg.com/vi/Bv4d5XHVgGg/maxresdefault.jpg,,,,,,,
https://media.treehugger.com/assets/images/2011/10/20090702-amur-tiger.jpg,,,,,,,
http://freeaddon.com/wp-content/uploads/2017/04/Tiger-440x280-HD.jpg,,,,,,,
https://m.telegraphindia.com/unsafe/620x350/smart/static.telegraphindia.com/derivative/THE_TELEGRAPH/1683668/16X9/imaged2f7e6a6-e990-42b7-a902-f49a6722f2ef.jpg,,,,,,,
http://tigers.panda.org/wp-content/uploads/A-wild-tiger-in-dry-deciduous-forest-Southern-India-%C2%A9-Narenda-Gowda-1300x867.jpg,,,,,,,
https://cdnph.upi.com/svc/sv/i/6631547229512/2019/1/15472296267125/Rare-Siberian-tiger-mom-seen-caring-for-cubs-in-China-video.jpg,,,,,,,
https://www.woburnsafari.co.uk/media/2835347/tiger-love-86.jpg?width=920&height=460&mode=crop,,,,,,,
https://i.guim.co.uk/img/media/23de2bf5e0e1aa33d7ed8be99d25859cacd8f7f7/0_0_4749_2850/master/4749.jpg?width=300&quality=85&auto=format&fit=max&s=8da90f3f78b49226006ff0757589830e,,,,,,,
http://www.worldbank.org/content/dam/photos/780x439/2016/jun-9/Creative-Commons.jpg,,,,,,,
https://img.etimg.com/thumb/height-480,width-640,msid-66013150,imgsize-72913/tiger.jpg,,,,
https://static.independent.co.uk/s3fs-public/thumbnails/image/2019/02/08/18/asim-tiger.jpg?w968h681,,,,,,,
https://files.explore.org/files/Tiger-Lake-live-cam-035368381.jpg,,,,,,,
https://www.natgeokids.com/wp-content/uploads/2017/01/20140117081955719639878.jpg,,,,,,,
https://cdn.zmescience.com/wp-content/uploads/2017/03/Bengal_Tiger_In_Sundarbans_Bangladesh.jpg,,,,,,,
https://s.abcnews.com/images/US/tiger-1-ht-er-190217_hpMain_16x9_992.jpg,,,,,,,
https://www.thesun.co.uk/wp-content/uploads/2017/05/nintchdbpict000320944573.jpg,,,,,,,
https://cdn.mutually.com/wp-content/uploads/2017/08/tiger-iv.jpg,,,,,,,
https://img.jakpost.net/c/2018/10/15/2018_10_15_56300_1539607185._large.jpg,,,,,,,
https://static01.nyt.com/images/2018/11/07/world/07india-tiger-1/merlin_143414892_8c597499-9740-49d1-9350-cd1f43e25426-articleLarge.jpg?quality=75&auto=webp&disable=upscale,,,,,,,
https://nyppagesix.files.wordpress.com/2019/03/quavo.jpg?quality=90&strip=all&w=618&h=410&crop=1,,,,,,,
https://blogs.scientificamerican.com/blogs/assets/File/tigers-2017-Sumatran-tiger-WMZ-2015-600-px-tiny-Nov-2017-Darren-Naish-Tetrapod-Zoology.jpg,,,,,,,
https://www.aljazeera.com/mritems/imagecache/mbdxxlarge/mritems/Images/2018/11/13/309c7d5fb66341e6b313e6c4347bcb1a_18.jpg,,,,,,,
https://images.takeshape.io/1f1d0876-be74-4b33-99c8-6ac93f1d70db/dev/bfa33d98-83bd-4b24-a174-373264effa65/WWF-wild-tiger-in-nepal-CC-Koshy-Koshy-2009-large.jpg?auto=compress%2Cformat&w=1200,,,,,,,
https://a57.foxnews.com/media2.foxnews.com/BrightCove/694940094001/2019/04/14/931/524/694940094001_6026131368001_6026126515001-vs.jpg?ve=1&tl=1,,,,,,,
https://www.earthrangers.com/content/wildwire/tiger_sitting_grass.jpg,,,,,,,
https://www.hindustantimes.com/rf/image_size_960x540/HT/p2/2019/02/28/Pictures/royal-bengal-tiger_7064ca56-3b84-11e9-bdc1-734f7b7cfb0c.jpg,,,,,,,
https://www.pbh2.com/wordpress/wp-content/uploads/2017/05/kenny-white-tiger.jpg,,,,,,,
https://www.paigntonzoo.org.uk/userfiles/animals/images/SumatranTigerLucuLR-113-min.jpg?w=500&h=600&zc=1&hash=52b0ce1b0dcb1681e00f9e18114b8d99,,,,,,,
https://www.tigers-world.com/wp-content/uploads/Bengal.jpg,,,,,,,
https://img.timesnownews.com/story/1550058919-Tiger_stroll.jpg?d=600x450,,,,,,,
https://www.dw.com/image/18615819_303.jpg,,,,,,,
https://www.traffic.org/site/assets/files/2512/tiger-species-claws-demand.690x0.1530280654.jpg,,,,,,,
https://cdn.pixabay.com/photo/2014/10/23/18/56/tiger-500118_960_720.jpg,,,,,,,
http://sdzsafaripark.org/sites/default/files/tiger-cam.jpg,,,,,,,
https://www.naturalworldsafaris.com/~/media/images/destinations/india/russ-maclaughlin-tiger-flipped.jpg,,,,,,,
https://perthzoo.wa.gov.au/sites/default/files/jumbotron/Sumatran%20Tiger%20Image%203%2C%20Alex%20Cearns_0.jpg,,,,,,,
https://www.deccanherald.com/sites/dh/files/article_images/2019/03/18/file74j7x65oe2q70d4ok8o-1552929815.jpg,,,,,,,
https://i0.wp.com/ktwu.org/wp-content/uploads/2018/10/IMG_6678.jpg?w=1080&ssl=1,,,,,,,
https://hightimes.com/wp-content/uploads/2019/02/texas-resident-enters-abandoned-home-smoke-pot-find-tiger-inside-featured.jpg,,,,,,,
https://images.news18.com/ibnlive/uploads/2018/12/tiger.jpg,,,,,,,
https://www.turpentinecreek.org/wp-content/uploads/2018/02/tiger.jpg,,,,,,,
https://www.zsl.org/sites/default/files/media/2018-08/Amur%20tiger%20cub%20with%20mum%20Naya.jpg,,,,,,,
https://www.breakingnews.ie/remote/content.assets.pressassociation.io/2019/01/17092343/d5911def-840d-48d0-9d53-30e0a14a8621.jpg?crop=0,227,3072,1955&ext=.jpg&width=600&s=bn-898285,,,,
https://www.thetimes.co.uk/imageserver/image/methode%2Ftimes%2Fprod%2Fweb%2Fbin%2Fe77965ac-0c32-11e8-a5b3-3d239643ad40.jpg?crop=3783%2C2128%2C171%2C7&resize=685,,,,,,,
https://www.bloomberg.com/features/2016-stuart-bray-south-china-tigers/img/DC-367900650005-South-China-Tiger-Sanctuary,#NAME?,#NAME?,#NAME?,-South-Africa-11-15.12.15-Final-David-Chancellor.jpg,,,
https://www.lionstigersandbears.org/resourcefiles/mainimages/maverick-tiger-lions-tigers-and-bears_1.jpg,,,,,,,
http://www.circusworldbaraboo.org/wp-content/uploads/2015/10/Tiger-1-1024x787.jpg,,,,,,,
https://nc.iucnredlist.org/redlist/amazing-species/panthera-tigris/images/full/panthera-tigris.jpg,,,,,,,
https://www.balisafarimarinepark.com/wp-content/uploads/2017/11/16903376_10154515696218931_2651517934111569113_o.jpg,,,,,,,
https://e360.yale.edu/assets/site/_1500x1500_fit_center-center_80/TigerCameraTrap_UllasKaranth_web.jpg,,,,,,,
https://cdni.rt.com/files/2018.03/article/5a9a77e6fc7e93e61a8b4639.png,,,,,,,
https://www.telegraph.co.uk/content/dam/news/2016/04/11/94685964_worls_tiger_numbers_increase_trans_NvBQzQNjv4Bqeo_i_u9APj8RuoebjoAHt0k9u7HhRJvuo-ZLenGRumA.jpg?imwidth=450,,,,,,,
http://www.tigersincrisis.com/wp-content/uploads/2016/05/malayan_tiger_21.jpg,,,,,,,
http://crownridgetigers.com/wp-content/uploads/2013/12/white-tiger2.jpg,,,,,,,
https://images.unsplash.com/photo-1477764250597-dffe9f601ae8?ixlib=rb-1.2.1&ixid=eyJhcHBfaWQiOjEyMDd9&auto=format&fit=crop&w=1000&q=80,,,,,,,
https://cf-images.ap-southeast-2.prod.boltdns.net/v1/static/5348771529001/3080531e-7234-4c15-8f30-2bcb4477c70d/b14a09d3-9578-4b3f-88a8-ab93c8a6adc0/649x365/match/image.jpg,,,,,,,
https://cdn.cnn.com/cnnnext/dam/assets/160211120624-female-tiger-baha-2-large-169.jpg,,,,,,,
https://i.dailymail.co.uk/1s/2019/02/11/16/9678350-0-Ten_year_old_female_tiger_Melati_was_mauled_to_death_by_her_pote-m-4_1549903410752.jpg,,,,,,,
https://static.standard.co.uk/s3fs-public/thumbnails/image/2017/03/29/09/indochinesetiger.jpg?w968,,,,,,,
https://wi-images.condecdn.net/image/avgxX2bZj1r/crop/405/landscape/f/Tiger-674281.jpg,,,,,,,
http://images.newindianexpress.com/uploads/user/imagelibrary/2018/9/30/w900X450/Kaziranga.jpg,,,,,,,
https://wtfflorida.com/blog/wp-content/uploads/2017/10/bengal-tiger.jpg,,,,,,,
http://images.performgroup.com/di/library/sporting_news/65/2e/tiger-woods-getty-041419-ftrjpg_1jc3fm6gz1mfk1pd7orra9tic1.jpg?t=491300506,,,,,,,
https://www.dreamworld.com.au/-/media/Images/DreamWorld/Things_To_Do/Tiger_Island/Tigers-At-Dreamworld_Slider-Images/Tiger-gallery-24.ashx,,,,,,,
https://i.guim.co.uk/img/media/0b99e3198331aa028aaf8dc11da11dd12cead06f/0_48_4011_2407/master/4011.jpg?width=300&quality=85&auto=format&fit=max&s=9c5b1ecd5b8f698670fd7de82059bda8,,,,,,,
https://c402277.ssl.cf1.rackcdn.com/photos/2090/images/hero_small/Sumatran-Tiger-Hero.jpg?1345559303,,,,,,,
https://lonelyplanetwpnews.imgix.net/2018/02/GettyImages-170977220-1.jpg,,,,,,,
https://upload.wikimedia.org/wikipedia/commons/thumb/1/17/Tiger_in_Ranthambhore.jpg/1200px-Tiger_in_Ranthambhore.jpg,,,,,,,
https://media11.s-nbcnews.com/i/MSNBC/Components/Video/201902/tdy_sat_harman_tiger_190209_1920x1080.jpg,,,,,,,
https://akm-img-a-in.tosshub.com/indiatoday/images/story/201902/frida-bredesen-328727-unsplash.jpeg?9GsBx6FG2Fih0ywxZ.nPkj_vzgo9kWbp,,,,,,,
https://i2-prod.mirror.co.uk/incoming/article11065805.ece/ALTERNATES/s615/PROD-Sumatran-tigers-at-Symbio-Wildlife-Park-Sydney-Australia-24-Aug-2017.jpg,,,,,,,
https://www.bornfree.org.uk/storage/media/content/images/Appeals/LIVING%20WITH%20TIGERS%20SQ%20DONATE.jpg,,,,,,,
https://static-news.moneycontrol.com/static-mcnews/2017/04/Tiger-in-Kanha1-770x433.jpg,,,,,,,
https://www.aspinallfoundation.org/media/1420/animal-gallery_siberian-amur-tiger_2.jpg?center=0.45238095238095238,0.58730158730158732&mode=crop&quality=75&width=768&height=412&rnd=131301642360000000,,,,,,
https://nationalzoo.si.edu/sites/default/files/animals/_649a7910.jpg,,,,,,,
https://www.turpentinecreek.org/wp-content/uploads/2018/02/Chuff-1357.jpg,,,,,,,
https://cdn.zmescience.com/wp-content/uploads/2017/03/Sumatran_Tiger_Berlin_Tierpark.jpg,,,,,,,
https://media.news4jax.com/photo/2018/09/28/Jax-Zoo-TIGER_1538151688131_12731792_ver1.0_1280_720.jpg,,,,,,,
https://www.marwell.org.uk/media/images/full/tiger_cub_3_28072016100212.jpg,,,,,,,
http://images6.fanpop.com/image/photos/34900000/Handsome-Tiger-animals-34916497-3888-2592.jpg,,,,,,,
https://img.etimg.com/thumb/msid-67654257,width-300,imgsize-208910,resizemode-4/tiger.jpg,,,,
https://vignette.wikia.nocookie.net/animalplanetsthemostextreme/images/0/05/Tiger.jpg/revision/latest?cb=20180619212913,,,,,,,
https://www.wwf.org.uk/sites/default/files/styles/hero_l/public/2016-09/Large_WW141705.jpg?h=a8096eb1&itok=ylFda1B1,,,,,,,
https://i.kinja-img.com/gawker-media/image/upload/s--o6PFGMvE--/c_scale,f_auto,fl_progressive,q_80,w_800/hpuh38fcho8i3h5mwawq.jpg,,,
https://www.woburnsafari.co.uk/media/3543314/mishka-tiger-wsp3_1-1.jpg?width=280&height=280&mode=crop,,,,,,,
https://i.redd.it/s62borp1w5e01.jpg,,,,,,,
https://pmdvod.nationalgeographic.com/NG_Video/707/35/smpost_1538414779510.jpg,,,,,,,
https://inhabitat.com/wp-content/blogs.dir/1/files/2016/04/Indochinese-Tiger-Zoo.jpg,,,,,,,
https://cdn.downtoearth.org.in/library/large/2017-04-06/0.39202000_1491477272_48-1-20170415-dte.jpg,,,,,,,
https://taronga.org.au/sites/default/files/styles/opengraph/public/content/animals/header-tiger-2880.jpg?itok=WSnLH15Y,,,,,,,
https://animalfactguide.com/wp-content/uploads/2013/01/iStock_000004201967XSmall.jpg,,,,,,,
http://www.earthtimes.org/newsimage/new-technology-transform-india-project-tiger_36.jpg,,,,,,,
https://www.maxim.com/.image/t_share/MTUzOTIzODI4MjI4MDM5OTY0/tiger-v-bear.jpg,,,,,,,
https://openclipart.org/download/220672/Tiger-Tiger-Burning-Bright.svg,,,,,,,
https://outofafricapark.com/assets/2010-03-06_321_Out-of-Africa_Tiger-in-Water_700x467.jpg,,,,,,,
https://ichef.bbci.co.uk/news/660/cpsprodpb/10EAF/production/_102159296_9fcb3f08-2b8c-4057-b3dd-bbd1709fd924.jpg,,,,,,,
https://img.huffingtonpost.com/asset/56d8f7c51e0000950070f43a.jpeg?ops=1910_1000,,,,,,,
https://kcby.com/resources/media/daa802b8-c6fe-4cb0-aef7-1b5b97cd828d-large16x9_Mikhail.jpg?1540932021001,,,,,,,
https://www.star2.com/wp-content/uploads/2017/06/000_pd0yl.9f20f070951.original-770x470.jpg,,,,,,,
https://content.assets.pressassociation.io/2019/01/24161014/33000628-60a5-4b96-a42b-0977b528f6a6-640x427.jpg,,,,,,,
http://tigers.panda.org/wp-content/uploads/Image02-892x1024.jpg,,,,,,,
https://cdni.rt.com/files/2017.09/article/59b155a1fc7e93682d8b4568.jpg,,,,,,,
http://beta.ems.ladbiblegroup.com/s3/content/808x455/2e04cb635a71a89c4b6025054428c312.png,,,,,,,
http://oreilleverte.com/wp-content/uploads/2017/12/tigers_cubs.jpg,,,,,,,
http://images.performgroup.com/di/library/omnisport/43/11/tiger-woods-cropped_1bgaceekumrf4145ez8r972aqi.jpg?w=320&h=180&quality=75,,,,,,,
https://thumbs-prod.si-cdn.com/wdWMrEMclvHb4-rIA9nSk8Fxt1c=/800x600/filters:no_upscale()/https://public-media.si-cdn.com/filer/bc/bc/bcbc3599-e3c8-43b4-b740-b252e9990c0a/blurred2.jpg,,,,,,,
https://jukani.co.za/userfiles/images/saasa/Stiger.jpg,,,,,,,
https://images.livemint.com/rf/Image-621x414/LiveMint/Period2/2017/01/18/Photos/Processed/Tigers-k4RB--621x414@LiveMint.jpg,,,,,,,
https://i.ytimg.com/vi/DNLGCfKV8Hg/maxresdefault.jpg,,,,,,,
https://nature.ca/notebooks/images/img/193_p_wl000893_7_p.jpg,,,,,,,
https://www.schleich-s.com/media/catalog/product/1/4/14729_01_v17_tp.jpg,,,,,,,
https://imgs.mongabay.com/wp-content/uploads/sites/20/2018/03/03135341/28151503_769048706638064_4753290098039062528_n-768x512.jpg,,,,,,,
https://www.thebetterindia.com/wp-content/uploads/2018/05/black-tiger.jpg,,,,,,,
https://img.timesnownews.com/story/1544771453-tiger_0.jpg?d=600x450,,,,,,,
https://cdn2.wanderlust.co.uk/media/5928/lists-just-sit-back-and-watch-dreamstime.jpg?anchor=center&mode=crop&width=1440&height=540&rnd=131481228060000000,,,,,,,
http://r.ddmcdn.com/s_f/o_1/w_1024/h_458/APL/uploads/2017/03/tiger-hero.jpg,,,,,,,
https://cdn.images.express.co.uk/img/dynamic/71/590x/secondary/Tiger-Woods-1834498.jpg?r=1555675318447,,,,,,,
https://www.gannett-cdn.com/-mm-/a445eaa8bf40c5cdcf9b51796f79c0fcc4448b07/c=0-165-1455-985/local/-/media/USATODAY/USATODAY/2014/03/25//1395806386000-D08-MONTECORE-ANIMALS-30.jpg?width=3200&height=1680&fit=crop,,,,,,,
https://www.longleat.co.uk/api/v2/storage/public/assets/25/tiger-territory/Tiger-Small-Gallery-2.png,,,,,,,
https://www.ctvnews.ca/polopoly_fs/1.3827422.1520097377!/httpImage/image.jpg_gen/derivatives/landscape_960/image.jpg,,,,,,,
https://static.kent.ac.uk/media/news/2018/08/sumatran-tiger-1542726_1920-1920x1271.jpg,,,,,,,
https://www.tiger.org.au/static/media/uploads/category_images/.thumbnails/tiger-cub-biting-bamboo-_ss_box.jpg/tiger-cub-biting-bamboo-_ss_box-600x400.jpg,,,,,,,
https://fm.cnbc.com/applications/cnbc.com/resources/img/editorial/2019/02/15/105742315-1550237613443gettyimages-1127562224.530x298.jpeg?v=1550237625,,,,,,,